OrderID,CustomerID,OrderDate,TotalAmount,DeliveryAddress,Status
1,78,2024-06-21,51.96,843 Merritt Prairie Apt. 869,Cancelled
2,724,2024-02-14,88.94,032 Lisa Corners Apt. 316,Cancelled
3,539,2024-01-04,51.97,22503 Kelli Spring,Cancelled
4,575,2024-08-16,83.94999999999999,92535 Justin Pine,Completed
5,383,2024-04-01,47.97,028 Holly Meadow,Pending
6,913,2024-01-23,110.92,192 Mark Drive,Completed
7,554,2024-02-20,125.92,02382 Daniel Estate Apt. 601,Completed
8,627,2024-04-20,37.98,880 Randall Path Suite 146,Pending
9,756,2024-07-07,47.97,0358 Holland Track,Completed
10,469,2024-07-09,144.89999999999998,58459 Kenneth Crescent Apt. 253,Completed
11,698,2024-05-29,37.98,3147 Smith Court Apt. 815,Completed
12,443,2024-03-10,63.96,07023 Aguilar Club Apt. 188,Pending
13,41,2024-08-01,84.94,71947 Colleen Garden,Pending
14,247,2024-02-28,14.99,75386 Duncan Cliff Suite 133,Cancelled
15,614,2024-07-22,125.92,822 Martin Drive Apt. 267,Cancelled
16,326,2024-03-02,14.99,210 Gordon Brooks Suite 793,Cancelled
17,873,2024-05-27,129.92,2847 Mcbride Station,Pending
18,555,2024-01-19,18.99,1495 Harris Forest,Cancelled
19,735,2024-02-01,76.95,021 Daniel Island,Completed
20,241,2024-03-31,75.95,5105 William Estates,Cancelled
21,10,2024-01-27,41.97,4878 Rebecca Crest,Completed
22,62,2024-01-29,31.98,958 Stevens Parks,Pending
23,732,2024-06-01,69.95,06684 Elliott Track,Completed
24,837,2024-04-24,137.91,914 Chase Curve,Cancelled
25,326,2024-03-31,122.92,027 Amanda Terrace,Pending
26,36,2024-01-28,44.97,5695 Don Common Suite 257,Cancelled
27,644,2024-06-13,48.97,575 Trujillo Mountain,Completed
28,774,2024-07-23,111.93,02841 Walker Ramp,Pending
29,126,2024-06-10,16.99,2628 Carrie Cliff,Cancelled
30,548,2024-07-09,38.97,853 Soto Groves Apt. 688,Pending
31,618,2024-04-06,53.97,92065 Reynolds Walks Apt. 985,Pending
32,74,2024-06-24,77.95,8574 Shawn Isle,Cancelled
33,592,2024-01-07,99.94,84481 Bethany Harbors Suite 920,Pending
34,272,2024-06-13,82.95,7024 Leslie Field Apt. 394,Cancelled
35,969,2024-06-02,18.99,24139 Zimmerman Lodge Apt. 212,Pending
36,133,2024-08-02,98.93999999999998,75076 Ward Ways Apt. 232,Pending
37,360,2024-07-02,185.9,31541 Rivera Run Suite 393,Completed
38,568,2024-07-22,56.97,56350 Miles Groves,Pending
39,297,2024-02-12,31.98,8497 Kevin Branch,Cancelled
40,163,2024-01-01,50.97,613 Cindy Crossroad,Pending
41,831,2024-05-27,50.97,98355 Arnold Center,Cancelled
42,279,2024-03-01,73.95,809 Kristi Course,Completed
43,727,2024-08-04,37.98,69923 Jason Avenue Apt. 152,Completed
44,255,2024-03-02,56.97,85124 Smith Tunnel Apt. 098,Cancelled
45,851,2024-01-28,128.92,4248 Anna Isle Suite 798,Completed
46,826,2024-07-04,93.93999999999998,966 Hansen Walk,Cancelled
47,958,2024-07-16,50.97,754 Wilson Tunnel Apt. 640,Cancelled
48,579,2024-04-15,55.96,7240 Rose Way,Pending
49,326,2024-03-08,70.94999999999999,201 Paul Heights,Cancelled
50,507,2024-05-13,15.99,33753 Lane Alley Apt. 556,Cancelled
51,813,2024-04-15,133.92,66332 Day Viaduct Apt. 128,Cancelled
52,962,2024-07-19,75.95,1140 Eric Way,Cancelled
53,277,2024-05-10,87.94,9982 Levine Views,Cancelled
54,100,2024-04-13,44.97,29076 Watson Court,Pending
55,722,2024-06-30,135.91,890 Shaw Villages,Completed
56,637,2024-04-16,91.94,286 West Green Apt. 913,Completed
57,425,2024-02-07,56.97,18362 Duncan Haven,Completed
58,1000,2024-01-17,25.98,18449 Nicholas Stravenue,Pending
59,517,2024-07-25,65.96,715 Booker Forges,Completed
60,119,2024-08-17,55.96,031 Julia Ranch Suite 038,Completed
61,823,2024-08-19,125.92,419 Michael Dale,Cancelled
62,18,2024-08-24,88.93999999999998,2171 Blanchard Well Suite 527,Completed
63,909,2024-04-09,92.94,1214 Gonzalez Path Apt. 533,Pending
64,629,2024-03-22,134.91,2953 Gary Rapids Suite 973,Completed
65,649,2024-07-15,132.91,16538 Savage Row Suite 777,Cancelled
66,433,2024-03-01,82.94999999999999,6277 Wallace Cape Apt. 837,Pending
67,895,2024-04-07,123.92,71523 Heather Stream,Cancelled
68,724,2024-07-08,176.88,34159 Rachel Pines Apt. 327,Cancelled
69,978,2024-07-17,64.96,0115 Edward Haven Suite 991,Completed
70,146,2024-08-06,18.99,21852 Joel Lakes,Pending
71,60,2024-01-16,103.93999999999998,015 Jeffery Walks,Completed
72,239,2024-06-19,85.93999999999998,5998 Laura Vista,Pending
73,798,2024-05-07,115.92,098 Kidd Lights,Cancelled
74,142,2024-08-23,54.97,1228 Serrano Stravenue Apt. 961,Pending
75,692,2024-07-29,12.99,9863 Shane Light Suite 677,Pending
76,585,2024-02-12,115.93,2766 Wilson Row Suite 284,Completed
77,222,2024-04-21,72.94999999999999,477 Harold Trace,Completed
78,249,2024-02-09,159.89999999999998,50988 Clark Spring Suite 093,Cancelled
79,109,2024-02-16,105.93,3510 Joseph Forge Apt. 735,Cancelled
80,299,2024-08-18,126.92,564 Hardin Circles,Pending
81,248,2024-04-12,27.98,228 Harrington Estates Apt. 752,Cancelled
82,595,2024-04-20,106.93,0018 Becky Branch,Cancelled
83,963,2024-06-01,110.93,6947 Hunt Oval,Completed
84,399,2024-05-08,160.91,97915 Gibbs Mill Apt. 210,Completed
85,340,2024-06-18,74.95,0431 Marshall Forge,Cancelled
86,990,2024-06-26,50.97,85437 Powell Club,Completed
87,66,2024-01-24,114.93,260 Christopher Green Apt. 606,Cancelled
88,835,2024-07-31,16.99,99270 Sarah Fall,Cancelled
89,320,2024-01-22,70.96,634 Oneill Ports Apt. 081,Cancelled
90,946,2024-04-21,93.94,766 Caitlin Mills,Pending
91,728,2024-07-16,38.97,32978 Robinson Light Apt. 295,Completed
92,649,2024-01-30,61.96,321 Heidi Isle Suite 107,Cancelled
93,274,2024-06-12,113.93,61501 West Highway Apt. 570,Completed
94,532,2024-05-26,25.98,25052 Jones Ville Suite 682,Pending
95,697,2024-04-19,12.99,761 Knight Villages Suite 369,Completed
96,643,2024-08-04,33.98,584 Mendoza Station,Completed
97,29,2024-01-15,13.99,5695 Paula Glens Suite 538,Completed
98,722,2024-07-06,37.98,643 Gallegos Mount Suite 080,Pending
99,193,2024-03-28,110.93,2282 Ashley Springs Suite 313,Completed
100,178,2024-02-21,98.93999999999998,7860 Garza Ports,Cancelled
101,283,2024-03-26,165.89,4986 Scott Land Suite 152,Pending
102,933,2024-03-09,38.97,469 Gates Gateway,Cancelled
103,613,2024-04-26,150.91,66215 Mckenzie Mount Suite 287,Completed
104,335,2024-02-28,37.98,43143 Evans Locks Suite 902,Pending
105,424,2024-03-28,100.93,420 Phillip Summit,Pending
106,206,2024-02-04,70.95,81289 Day Mount,Completed
107,859,2024-04-22,29.98,218 Lucero Flats Apt. 620,Cancelled
108,888,2024-03-04,117.92999999999998,15341 Yesenia Prairie Suite 771,Completed
109,138,2024-05-22,83.94,66277 Yates Track Apt. 267,Cancelled
110,104,2024-02-24,151.92,0251 Harry Crescent Suite 052,Cancelled
111,368,2024-03-15,18.99,6693 Campbell Mill Apt. 195,Pending
112,281,2024-08-14,37.98,641 Harris Unions,Completed
113,171,2024-06-22,85.94,984 Brown Mountains,Completed
114,952,2024-08-07,37.98,3837 Reynolds Lock Suite 299,Pending
115,907,2024-02-14,58.96,1074 Lester Mission Apt. 633,Completed
116,537,2024-03-15,55.96,7123 Jackson Cove Apt. 624,Cancelled
117,770,2024-03-17,32.98,40826 Young Loop,Completed
118,783,2024-07-30,125.91,45342 Cassandra Trail Apt. 710,Pending
119,712,2024-04-06,44.97,011 Joseph Mountain,Pending
120,882,2024-07-12,25.98,458 Holt Vista,Pending
121,857,2024-05-22,61.96,9322 Julie Overpass Suite 899,Cancelled
122,286,2024-01-27,127.92,844 Jessica Mount Suite 413,Pending
123,942,2024-08-08,82.94,7054 Thomas Turnpike Apt. 442,Completed
124,310,2024-04-28,105.93,26008 Hammond Roads Suite 838,Pending
125,184,2024-02-28,145.92000000000002,5293 Sanchez Avenue Suite 547,Pending
126,178,2024-02-12,38.97,375 Hines Mount Suite 404,Completed
127,221,2024-02-10,149.91,4375 Simon Spur,Pending
128,222,2024-06-20,117.92,573 Herring Crossing,Cancelled
129,388,2024-06-19,121.92,9822 Cruz Fall Suite 025,Completed
130,157,2024-05-23,89.94,7323 Craig Highway,Completed
131,469,2024-05-11,25.98,50077 Stephen Trafficway,Cancelled
132,362,2024-07-10,75.94999999999999,215 Michael Fork,Completed
133,881,2024-08-12,131.92,925 James Lane,Completed
134,214,2024-04-15,14.99,09228 Sanders Haven Apt. 817,Pending
135,95,2024-02-10,80.94,245 Brown Hills Apt. 283,Cancelled
136,843,2024-05-02,40.97,4803 Holloway Extensions Suite 783,Cancelled
137,497,2024-07-15,69.96,27337 Larry Ports,Pending
138,175,2024-06-12,105.93,8527 Aaron Parkways Suite 025,Cancelled
139,426,2024-05-11,128.93,869 Kane Place Suite 617,Cancelled
140,683,2024-06-21,79.94999999999999,402 Alex Avenue Apt. 446,Pending
141,274,2024-01-25,121.92,238 Roberts Club Suite 350,Completed
142,638,2024-02-14,44.97,1918 Dean Park,Pending
143,739,2024-05-29,51.97,0658 Stein Shoal Apt. 595,Completed
144,464,2024-01-20,31.98,33920 Michelle Radial,Completed
145,771,2024-02-16,101.93,50705 Jessica Estates Suite 765,Completed
146,14,2024-03-08,121.92,332 Patrick Locks Suite 125,Completed
147,935,2024-07-11,27.98,4188 Amanda Walk,Cancelled
148,263,2024-05-16,37.98,736 Perez Wells Suite 760,Pending
149,151,2024-05-07,31.98,41544 Mary Oval,Pending
150,57,2024-06-19,121.92999999999998,2389 Myers Rapids Apt. 288,Pending
151,109,2024-03-26,117.92999999999998,328 Emily Rapid Suite 817,Completed
152,931,2024-01-03,16.99,6468 George Estate,Completed
153,717,2024-08-19,133.91,34076 Carr Trail Suite 538,Pending
154,388,2024-05-16,72.96,9280 Kelley Spur Suite 824,Cancelled
155,408,2024-07-09,136.90999999999997,529 Reed Via Apt. 749,Pending
156,613,2024-06-22,89.93999999999998,530 John Stravenue,Completed
157,420,2024-01-05,27.98,450 Jackson Street Suite 392,Cancelled
158,611,2024-08-18,66.96,3618 Briggs Rapids Suite 443,Completed
159,948,2024-02-14,137.92000000000002,161 Mike View,Cancelled
160,880,2024-01-28,57.96,76370 Dean Rest,Cancelled
161,533,2024-01-26,33.98,870 April Spur,Completed
162,347,2024-02-04,49.97,579 David Village,Cancelled
163,354,2024-03-12,69.96,2470 Lester Place Suite 687,Cancelled
164,116,2024-02-10,61.96,7223 Brittany Mission Suite 128,Cancelled
165,103,2024-03-18,35.98,12271 Jose Manor Suite 466,Pending
166,250,2024-05-20,56.97,90999 Green Flats Suite 902,Pending
167,538,2024-06-21,153.89999999999998,621 Michael Brook Suite 775,Pending
168,347,2024-01-28,39.97,477 Jackson Groves,Completed
169,392,2024-03-31,46.97,55499 Todd Islands Apt. 307,Cancelled
170,234,2024-04-29,27.98,510 Cox Valley Apt. 817,Pending
171,440,2024-04-20,75.94999999999999,19956 Miller Ridge,Completed
172,239,2024-06-25,31.98,501 Miller Park Apt. 223,Cancelled
173,798,2024-04-23,126.92,903 Philip Track,Cancelled
174,54,2024-04-29,12.99,737 Reyes Fall Apt. 428,Cancelled
175,95,2024-04-14,33.98,50786 Jose Green Suite 510,Cancelled
176,285,2024-03-22,42.97,21388 Paul Islands,Pending
177,26,2024-03-19,48.97,92585 Villanueva Plains Apt. 296,Cancelled
178,658,2024-04-26,50.97,5585 Ray Hills Apt. 941,Completed
179,107,2024-02-21,43.97,411 Kristina Locks,Pending
180,432,2024-07-27,14.99,147 Nolan Harbors Apt. 079,Pending
181,694,2024-08-13,84.94999999999999,105 Johns Fall,Cancelled
182,495,2024-04-25,41.97,033 Dylan Prairie,Completed
183,140,2024-06-17,136.9,605 Ortiz Ports,Completed
184,429,2024-06-16,93.94,7122 Rivers Pike Suite 270,Cancelled
185,510,2024-08-17,37.98,980 Wolfe Parkway Apt. 311,Cancelled
186,758,2024-06-14,41.97,9376 Novak Gateway Suite 099,Pending
187,326,2024-05-15,18.99,3881 Thomas Garden,Pending
188,79,2024-04-23,78.94999999999999,487 Craig Trail Apt. 083,Pending
189,606,2024-02-18,154.91,5807 Nicholas Forks Suite 368,Pending
190,847,2024-07-20,18.99,114 Jeremy Fall,Pending
191,701,2024-07-19,37.98,98958 Sawyer Skyway Suite 645,Completed
192,283,2024-07-02,115.93,68184 Hamilton Bypass,Cancelled
193,720,2024-05-11,177.9,7107 Janet Passage Apt. 485,Cancelled
194,496,2024-03-28,91.94,8490 Rodriguez Corners Suite 361,Pending
195,625,2024-05-27,57.96,4792 Mccarthy Camp Apt. 805,Pending
196,703,2024-01-17,133.92,91069 Devin Port Apt. 098,Cancelled
197,54,2024-08-06,14.99,2080 Ward Highway,Pending
198,198,2024-08-14,47.97,341 Richard Spur,Completed
199,453,2024-05-05,158.9,1174 Frederick Flats,Completed
200,912,2024-04-04,109.93,4026 Jennifer Key,Completed
201,68,2024-01-19,168.91,211 Wheeler Walk,Pending
202,663,2024-05-29,72.95,718 Medina Motorway,Cancelled
203,786,2024-06-07,99.93999999999998,72571 Wade Orchard Suite 304,Completed
204,487,2024-07-17,84.94999999999999,002 Hicks Cliffs,Pending
205,450,2024-05-07,50.97,89504 Dean Points Suite 227,Cancelled
206,663,2024-03-19,44.97,64964 Thompson Mall,Completed
207,565,2024-01-20,31.98,954 Brittany Spring Suite 435,Completed
208,60,2024-03-23,137.9,81256 Baker Islands,Completed
209,332,2024-05-13,179.88,77046 Sherry Plaza Suite 095,Pending
210,129,2024-04-13,89.94,398 Jennifer Ranch Suite 932,Pending
211,885,2024-05-10,56.97,469 Michael Shoals,Completed
212,972,2024-04-30,61.96,5587 Mathews Courts Suite 790,Cancelled
213,842,2024-05-07,160.89,0752 Caleb Neck,Completed
214,824,2024-02-11,70.96,22496 Cain Forest,Pending
215,451,2024-06-27,147.92,38134 Noah Walk,Pending
216,414,2024-03-12,85.94,628 Alexa Fords Apt. 083,Pending
217,299,2024-07-31,73.95,712 Dominique Meadows,Pending
218,504,2024-04-28,96.93999999999998,6430 Connie Loop Suite 263,Pending
219,333,2024-04-11,100.93,9970 Jessica Prairie,Cancelled
220,957,2024-07-03,47.97,93606 Michael Spurs Suite 730,Cancelled
221,279,2024-02-06,173.89999999999998,683 David Grove,Completed
222,416,2024-04-04,83.94,5091 Collins Estate,Completed
223,597,2024-06-15,27.98,52227 Johnston Grove Apt. 460,Completed
224,354,2024-01-10,14.99,2887 Patrick Rue Suite 338,Cancelled
225,569,2024-04-16,47.97,651 Williams Shoals Suite 176,Cancelled
226,630,2024-01-16,60.96,52405 John Flat,Cancelled
227,277,2024-04-10,115.92,09796 Alvarez Estate,Pending
228,315,2024-07-07,13.99,05912 Kenneth Tunnel Suite 711,Completed
229,309,2024-03-20,132.91,5825 Gallegos Canyon Apt. 729,Pending
230,636,2024-01-21,111.93,221 Bell Divide,Completed
231,952,2024-07-01,37.98,084 Robert Square,Pending
232,357,2024-06-08,25.98,41200 Vaughan Curve,Pending
233,268,2024-06-21,33.98,2044 Eric Pass,Completed
234,644,2024-05-31,141.91,0967 Michelle Junctions Suite 617,Pending
235,739,2024-05-06,63.96,3236 Nicole Flat Suite 815,Completed
236,672,2024-02-14,67.96,7811 Johnson Brook,Pending
237,623,2024-02-24,44.97,16622 Yolanda Circles Apt. 808,Cancelled
238,455,2024-04-13,91.94,29701 Perez Vista,Pending
239,611,2024-07-11,131.92,16228 Edward Key Apt. 574,Pending
240,961,2024-05-20,104.94,01005 Thomas Corners,Pending
241,70,2024-01-14,14.99,06708 Cheryl Crossing Apt. 216,Pending
242,975,2024-06-22,98.94,0645 Brown Course,Pending
243,252,2024-08-22,68.95,4669 Paul Views,Completed
244,662,2024-01-22,80.95,4477 Deanna Knoll Suite 701,Completed
245,854,2024-05-26,157.89999999999998,96671 Carroll Centers,Completed
246,533,2024-02-16,115.92,57035 Kim Tunnel,Cancelled
247,904,2024-07-03,48.97,26506 Stout Summit,Cancelled
248,358,2024-03-11,92.93999999999998,3810 Mallory Union Suite 527,Cancelled
249,1000,2024-02-22,186.89,55326 Stone Street Apt. 463,Cancelled
250,960,2024-01-31,67.96,5293 Daniel Circle,Pending
251,566,2024-08-14,84.94,0558 Munoz Gateway Suite 863,Cancelled
252,593,2024-07-03,133.91,03819 Hood Shore,Cancelled
253,430,2024-05-28,77.94,576 Zachary Way,Completed
254,615,2024-01-25,101.93,946 Martinez Rue,Pending
255,86,2024-02-08,56.97,0747 Crystal Harbors Suite 456,Cancelled
256,519,2024-01-29,50.97,870 Johnson Plains Suite 464,Pending
257,121,2024-05-07,31.98,22739 Courtney Turnpike Apt. 044,Completed
258,741,2024-01-27,47.97,690 Smith Corner Suite 070,Pending
259,797,2024-03-26,18.99,08298 Dawn Divide Suite 440,Cancelled
260,694,2024-08-13,15.99,4371 Lyons Mountain Suite 896,Pending
261,657,2024-07-11,146.91,49529 Kenneth Shores,Pending
262,238,2024-08-06,145.91,466 Nancy Lodge Apt. 065,Pending
263,338,2024-08-04,110.93,174 Victoria Ridge,Completed
264,236,2024-04-05,132.91,20567 Martin Corner Suite 857,Completed
265,916,2024-02-28,41.97,4776 Anthony Gardens,Completed
266,14,2024-06-07,25.98,29039 Mary Garden Apt. 956,Cancelled
267,473,2024-07-26,137.91,332 Carol Loaf Suite 417,Completed
268,920,2024-03-30,101.94,453 Barrett Wall,Pending
269,165,2024-07-14,61.96,5787 Anthony Shore,Cancelled
270,770,2024-01-10,61.96,542 William Way,Completed
271,949,2024-04-07,151.89999999999998,529 Gonzalez Centers Suite 499,Pending
272,740,2024-01-10,122.92,32510 Tina Crossroad Suite 206,Completed
273,681,2024-08-17,99.94,9191 Charles Spur Suite 550,Cancelled
274,54,2024-07-14,47.97,6221 William Course Suite 855,Completed
275,968,2024-04-07,111.92,608 Walker Creek Apt. 657,Pending
276,953,2024-08-01,110.92,960 Martin Gateway,Pending
277,666,2024-08-25,124.92,4331 Alexandra Garden,Pending
278,530,2024-06-12,88.93999999999998,68243 Richardson Creek,Cancelled
279,185,2024-05-06,25.98,10072 Gloria Estates,Cancelled
280,824,2024-05-01,90.95,48935 Cheryl Cliff,Pending
281,473,2024-03-21,52.97,9523 Stark Pass Apt. 988,Completed
282,436,2024-08-15,85.94999999999999,1031 Ryan Rapid,Completed
283,257,2024-06-28,76.94999999999999,0385 Banks Cove Apt. 503,Pending
284,485,2024-07-14,50.97,56412 Hayes Radial,Pending
285,390,2024-06-07,98.94,8360 Greer Point,Cancelled
286,363,2024-08-21,37.98,1340 Jill Canyon,Pending
287,39,2024-07-15,79.94999999999999,007 Burton Centers,Completed
288,900,2024-03-11,64.96,60584 Thomas Prairie,Pending
289,669,2024-03-20,99.93,09942 Mcclain Pass,Cancelled
290,685,2024-02-21,94.93,341 Pierce Summit Apt. 482,Cancelled
291,510,2024-02-18,159.89999999999998,5238 Cabrera Land Suite 309,Pending
292,602,2024-01-31,47.97,329 Mark Knoll,Cancelled
293,560,2024-02-07,186.89,4457 Robbins Island Apt. 193,Pending
294,691,2024-06-05,79.95,3717 James Route,Completed
295,626,2024-04-23,103.93,142 Mitchell Viaduct Apt. 577,Pending
296,555,2024-06-15,119.92,58497 Ortiz Burg Suite 829,Cancelled
297,143,2024-04-30,15.99,213 Lang Shoals Apt. 402,Pending
298,112,2024-05-08,105.93,288 Webb Field,Pending
299,310,2024-02-28,124.93,6724 Steven Glen,Cancelled
300,336,2024-04-12,25.98,416 Kevin Circles,Cancelled
301,598,2024-04-16,95.94,94410 Carolyn Avenue Suite 405,Cancelled
302,713,2024-06-28,125.91,65886 Alvarez Estates Apt. 692,Completed
303,702,2024-03-09,83.94,00771 Sharon Stream,Pending
304,393,2024-06-02,31.98,191 Steven Estate Suite 432,Cancelled
305,285,2024-06-20,129.92000000000002,541 Joseph Freeway,Completed
306,812,2024-02-21,33.98,2226 Ian Shoal Apt. 730,Pending
307,672,2024-01-11,148.91,79282 Makayla Canyon Apt. 451,Cancelled
308,810,2024-07-21,25.98,47637 Carla Highway,Cancelled
309,187,2024-07-28,74.95,445 Williams Rest Apt. 645,Completed
310,675,2024-01-13,133.91,963 Rogers Trail Apt. 580,Completed
311,186,2024-07-23,33.98,648 Adam Shoals,Cancelled
312,632,2024-05-19,174.89,9117 Justin Avenue,Pending
313,912,2024-02-10,129.92000000000002,04811 Todd Cliff,Pending
314,423,2024-02-19,115.93,99367 Jones Viaduct,Pending
315,52,2024-06-25,137.91,52006 Chavez Coves,Pending
316,534,2024-04-23,59.96,32595 Andrew Well,Pending
317,360,2024-04-18,83.94,58493 Lutz Lock,Cancelled
318,554,2024-02-07,103.94,12989 Padilla Meadows Apt. 890,Completed
319,667,2024-07-07,168.89,8470 Aguilar Neck Apt. 496,Completed
320,941,2024-08-11,99.93999999999998,984 Jesse Inlet Suite 206,Pending
321,98,2024-07-28,41.97,44320 Isaac Trail Suite 906,Pending
322,494,2024-03-16,44.97,34379 Renee Summit Suite 597,Cancelled
323,291,2024-02-04,53.97,476 Debra Drive,Cancelled
324,536,2024-06-09,152.89999999999998,2566 Cross Loaf,Completed
325,681,2024-01-27,70.95,29367 Julie Groves Apt. 817,Pending
326,960,2024-07-11,27.98,639 Logan Glen,Pending
327,53,2024-07-10,74.95,63405 Anthony Groves,Pending
328,789,2024-03-07,169.89999999999998,666 Johnson Pass,Completed
329,764,2024-03-16,74.95,55070 Aaron Corners Suite 722,Pending
330,548,2024-01-11,142.91,107 Rodney Estate,Cancelled
331,976,2024-07-07,95.94,72679 Reid Orchard,Pending
332,947,2024-01-29,56.97,1868 Frank Stream Suite 269,Pending
333,118,2024-08-21,56.97,193 Robinson Prairie,Cancelled
334,667,2024-06-14,82.94999999999999,346 Madeline Parkway,Completed
335,840,2024-02-18,171.89,736 Bean Vista Suite 001,Pending
336,776,2024-02-10,79.94999999999999,2972 Johnson Neck,Pending
337,166,2024-04-19,95.93999999999998,52451 Kimberly River Suite 680,Pending
338,863,2024-01-02,12.99,693 Jason Crossing,Pending
339,45,2024-02-27,79.95,109 Rebecca Lock,Pending
340,784,2024-06-28,81.94,296 Helen Meadow,Completed
341,200,2024-05-14,156.9,51509 David Parkways,Cancelled
342,387,2024-06-15,25.98,335 Ballard Vista,Completed
343,883,2024-05-23,33.98,656 Kristi Views Apt. 259,Cancelled
344,249,2024-08-04,84.94999999999999,26640 Paula Dam,Completed
345,9,2024-01-14,32.98,47463 Shane Loaf Suite 641,Completed
346,441,2024-04-27,95.94,291 Danielle Green,Completed
347,748,2024-06-25,72.95,488 Schneider Walks,Completed
348,546,2024-03-17,50.97,77655 Collier Meadows Suite 075,Cancelled
349,375,2024-04-09,60.96,83943 Chelsea Pine,Pending
350,451,2024-06-27,65.96,6742 Bryant Well Apt. 551,Pending
351,43,2024-03-19,69.96,838 Eduardo River,Pending
352,48,2024-06-05,44.97,169 James Neck Apt. 019,Completed
353,976,2024-02-29,33.98,4293 Teresa Drive Apt. 606,Cancelled
354,89,2024-03-08,103.93,15592 Williams Vista,Completed
355,375,2024-03-19,44.97,45501 Perry Club Suite 279,Pending
356,190,2024-08-23,101.94,8923 Vega Stream Suite 971,Cancelled
357,720,2024-08-16,16.99,22159 Thomas Fall Suite 842,Completed
358,259,2024-04-27,97.94,3545 Olson Islands,Pending
359,595,2024-08-02,115.92999999999998,76478 Jesse Plains Apt. 270,Pending
360,939,2024-06-08,46.97,43235 Elizabeth Roads,Pending
361,232,2024-03-24,47.97,31890 Salazar Crossing,Cancelled
362,364,2024-03-28,33.98,37677 Maria Keys,Completed
363,567,2024-03-23,48.97,11326 Reese Rapids Apt. 385,Pending
364,588,2024-06-10,103.93,134 Jamie Ways,Cancelled
365,161,2024-08-24,129.91,95778 James Grove,Pending
366,396,2024-01-09,123.92,6481 Ford Walk,Cancelled
367,727,2024-01-19,56.96,383 Rich Squares Apt. 338,Pending
368,872,2024-03-20,33.98,5835 Darren Camp,Completed
369,463,2024-07-29,154.91,0322 Beverly Inlet,Pending
370,536,2024-06-25,83.94999999999999,4747 Buchanan Mountains,Cancelled
371,279,2024-07-03,101.94,042 Lori Terrace Apt. 935,Cancelled
372,670,2024-06-19,57.96,1681 Jeremy Circle,Pending
373,533,2024-08-12,108.93,54578 Brenda Harbor,Pending
374,269,2024-07-20,131.92,121 King Walks Suite 430,Completed
375,867,2024-06-21,80.94,7020 Ramirez Field Apt. 863,Completed
376,645,2024-01-13,99.94,2455 Cole Point Suite 658,Cancelled
377,867,2024-06-01,153.91000000000005,309 William Land,Cancelled
378,728,2024-03-28,42.97,83704 Rivers Pass,Cancelled
379,305,2024-03-10,96.94,04652 Nicole Garden Apt. 594,Cancelled
380,734,2024-05-13,92.94,23572 Moreno Lodge,Cancelled
381,981,2024-05-29,85.94,37144 Arthur Gateway,Cancelled
382,307,2024-04-25,71.96,4736 Williams Parkways Apt. 021,Pending
383,266,2024-07-11,163.9,933 Dunlap Green,Pending
384,115,2024-08-05,18.99,07660 Michael Manor,Completed
385,491,2024-08-12,60.96,33165 Justin Port Apt. 133,Cancelled
386,894,2024-07-18,97.94,6436 Leslie Pine Suite 577,Completed
387,857,2024-04-11,138.91,351 Maria Wells Apt. 501,Completed
388,720,2024-01-27,124.92999999999998,508 Hale Ridges,Pending
389,754,2024-06-12,16.99,45239 Kathy Turnpike Suite 370,Completed
390,833,2024-02-29,44.97,3177 Walker Mews,Completed
391,619,2024-03-29,121.92,9435 Christine Light Suite 585,Completed
392,459,2024-02-07,37.98,59524 Anderson Trail Suite 867,Pending
393,5,2024-05-17,96.93,389 Garcia Stream,Pending
394,500,2024-08-25,72.94999999999999,716 Pamela Mountains,Completed
395,582,2024-02-02,160.89999999999998,487 Adams Expressway,Pending
396,194,2024-04-25,115.93,8329 Elizabeth Highway Suite 579,Pending
397,407,2024-06-05,101.93,949 Richardson Walks,Cancelled
398,140,2024-01-16,62.96,316 Johnson Divide,Pending
399,136,2024-03-10,27.98,58993 Bennett Street Apt. 875,Completed
400,483,2024-02-05,118.93,9757 Wright Cliffs Suite 364,Pending
401,607,2024-08-15,43.97,95855 Hanson Estate Suite 762,Cancelled
402,428,2024-04-08,13.99,3006 Wright Brooks,Cancelled
403,720,2024-01-21,136.92,25166 Roy Walks Suite 909,Pending
404,87,2024-06-01,47.97,164 Page Court Apt. 280,Completed
405,570,2024-01-31,32.98,697 Shepard Route Suite 312,Pending
406,849,2024-06-20,133.91,67833 Scott Gardens,Cancelled
407,501,2024-07-27,44.97,7036 Amy Knolls,Completed
408,112,2024-03-14,95.94,7173 Ethan Hill Suite 725,Pending
409,156,2024-04-21,124.92,0687 Taylor Gateway Suite 259,Pending
410,308,2024-05-09,52.97,31962 Ford Lock Suite 990,Pending
411,638,2024-08-08,59.96,9735 Anderson Knoll,Cancelled
412,167,2024-06-28,117.92999999999998,6545 Miguel Fort Suite 687,Completed
413,301,2024-04-12,71.96,9652 Pamela Gardens,Cancelled
414,560,2024-01-08,33.98,592 Laura Green Suite 039,Cancelled
415,865,2024-02-13,90.95,3463 Zachary Glen Apt. 019,Cancelled
416,533,2024-05-05,65.96,9570 Morrow Roads,Pending
417,868,2024-05-26,123.92,83322 Timothy Union Suite 530,Cancelled
418,153,2024-01-11,101.94,608 Cody Drive,Pending
419,289,2024-03-05,71.96,80493 Elizabeth Dale Suite 891,Cancelled
420,986,2024-07-26,47.97,28932 Holly Dam,Completed
421,977,2024-02-26,64.95,28197 Spencer Court,Cancelled
422,728,2024-03-23,33.98,894 Melissa Path Suite 023,Completed
423,554,2024-01-01,122.92,5096 Christopher Villages Suite 652,Cancelled
424,870,2024-07-19,27.98,31263 Middleton Cliffs,Completed
425,225,2024-07-05,94.93,38451 Victoria Parkway,Completed
426,925,2024-05-10,31.98,432 Chris Groves,Pending
427,83,2024-06-24,56.96,462 Reed Fords Apt. 204,Pending
428,62,2024-08-20,37.98,08144 Moreno Ford Suite 362,Completed
429,341,2024-04-23,159.89,949 Troy Trace Suite 222,Pending
430,912,2024-06-11,108.93,65217 Zuniga Club Apt. 738,Cancelled
431,86,2024-08-11,97.93,48997 Small Path Apt. 977,Completed
432,534,2024-08-02,131.92000000000002,574 Jeffery Club Suite 390,Completed
433,676,2024-01-31,127.92,14923 Erin Common Apt. 060,Pending
434,825,2024-05-30,18.99,13263 John Canyon Apt. 130,Pending
435,748,2024-02-08,62.96,297 Cameron Forest Suite 992,Pending
436,463,2024-01-08,31.98,54239 Norton Terrace,Completed
437,856,2024-07-04,84.94999999999999,82803 Cohen Circle,Completed
438,739,2024-04-29,66.95,30375 Jeffrey Garden,Completed
439,633,2024-06-23,68.95,96039 Martin Trace,Cancelled
440,998,2024-03-05,80.95,642 John Drive,Cancelled
441,743,2024-06-30,124.93,333 Carla Ramp Apt. 563,Pending
442,58,2024-05-05,56.97,202 Buckley Curve Suite 081,Completed
443,70,2024-04-06,29.98,9336 Williams Valley,Pending
444,938,2024-06-15,60.96,9134 Kimberly Shoal,Completed
445,751,2024-08-05,15.99,1693 Moore Locks,Cancelled
446,880,2024-05-22,122.93,36207 Allen Pine,Pending
447,143,2024-08-26,92.94,4028 Rodriguez Radial Suite 406,Cancelled
448,102,2024-03-13,12.99,64814 Carla Dale,Cancelled
449,974,2024-04-06,110.93,85008 Cordova Port Suite 465,Pending
450,885,2024-03-10,72.95,43762 Joanna Mount,Pending
451,453,2024-06-12,98.94,850 Daniel Glens Apt. 411,Completed
452,791,2024-04-04,33.98,4468 Connie Flat Apt. 661,Completed
453,3,2024-04-14,66.95,285 Zachary Shoals Apt. 832,Cancelled
454,533,2024-03-27,97.94,6239 Murphy Dam,Cancelled
455,734,2024-05-04,101.94,14459 Shannon Drive,Completed
456,500,2024-03-20,96.94,095 Caitlin Shoal,Cancelled
457,721,2024-03-22,56.97,06613 Richard Trafficway Suite 249,Pending
458,234,2024-03-14,40.97,278 Hawkins Drive,Completed
459,749,2024-02-25,70.95,7540 Johnson Club,Pending
460,507,2024-05-05,14.99,144 Andrews Locks Suite 218,Completed
461,768,2024-08-19,52.97,34940 John Pike Suite 008,Completed
462,57,2024-07-03,44.97,12345 Joshua Lodge,Pending
463,898,2024-08-16,146.91,5768 Laurie Gardens,Pending
464,769,2024-02-25,69.96,709 Derek Haven Suite 326,Cancelled
465,340,2024-02-05,112.93,0500 Bennett Expressway Apt. 830,Completed
466,422,2024-05-07,42.97,8716 Holly Court,Cancelled
467,61,2024-03-29,100.93,99881 Stewart Lane,Pending
468,273,2024-06-18,111.92,89709 Anthony Pass Apt. 067,Cancelled
469,182,2024-03-22,119.92,356 Rhodes Roads,Pending
470,715,2024-08-05,74.94999999999999,259 Amber Locks Apt. 691,Completed
471,586,2024-01-18,123.93,17181 Davis Ranch Suite 336,Cancelled
472,637,2024-06-11,168.89,2897 Frank Ports,Pending
473,568,2024-01-01,117.92,39172 Davis Lakes,Cancelled
474,73,2024-07-11,44.97,0073 Stephanie Viaduct,Pending
475,978,2024-07-09,37.98,2191 Krystal Ford Suite 950,Cancelled
476,505,2024-07-10,43.97,009 Erica Station Apt. 250,Pending
477,783,2024-03-06,105.93,04322 Omar Orchard,Completed
478,275,2024-06-16,53.96,557 Antonio Views Apt. 479,Pending
479,1000,2024-06-17,104.93,2001 Kayla Station Apt. 918,Completed
480,726,2024-07-27,27.98,355 Ballard Bypass Apt. 596,Completed
481,853,2024-04-30,56.97,7185 Baird Corner Suite 472,Pending
482,313,2024-01-03,59.96,598 Gonzalez Lake,Pending
483,353,2024-02-11,77.94,53044 West Ridge Suite 172,Cancelled
484,422,2024-04-22,63.96,897 Mckenzie Vista,Pending
485,507,2024-05-21,33.98,466 Wilson Pines Suite 475,Completed
486,393,2024-05-23,118.92,92374 Jennifer Corner,Pending
487,615,2024-04-23,126.92,3121 Claudia Knolls Apt. 580,Cancelled
488,619,2024-05-26,58.96,9924 Thompson Burg Apt. 113,Pending
489,80,2024-05-24,70.95,2841 Robert Rest,Completed
490,679,2024-06-16,47.97,7171 Erica Bridge,Completed
491,74,2024-04-20,102.93999999999998,87648 Saunders Union,Completed
492,452,2024-07-24,140.91,3311 Brad Coves,Completed
493,889,2024-02-16,63.96,095 Troy Forges Apt. 780,Cancelled
494,341,2024-03-15,119.92,56794 Kaitlyn Spur,Completed
495,153,2024-05-27,50.97,32140 Amber Drive Apt. 772,Completed
496,475,2024-04-24,56.97,75658 Michelle Light Apt. 258,Cancelled
497,133,2024-05-05,137.91,3749 Martinez Hills Apt. 095,Completed
498,196,2024-04-15,37.98,90958 Wright Terrace,Pending
499,288,2024-02-06,157.9,7344 Parsons Street Apt. 673,Pending
500,246,2024-02-25,69.96,7000 Rivera Spur Suite 153,Pending
501,854,2024-02-17,74.95,3592 Carrie Grove Suite 569,Cancelled
502,994,2024-07-02,50.97,40288 Jacob Trail Suite 299,Pending
503,692,2024-04-08,135.91,387 Hernandez Fields Suite 197,Cancelled
504,717,2024-04-26,96.94,266 Pierce View,Cancelled
505,796,2024-02-21,12.99,0210 Susan Heights Apt. 643,Completed
506,142,2024-01-10,152.9,8039 Keith Shores,Pending
507,729,2024-04-22,75.95,9833 Eduardo Park,Pending
508,311,2024-04-06,120.93,52109 Reynolds Terrace Suite 510,Pending
509,584,2024-07-05,44.97,53583 Brown Vista Apt. 487,Pending
510,139,2024-06-18,79.94,95278 Garner View,Pending
511,763,2024-08-18,134.91,94720 Daniel Valleys,Completed
512,434,2024-01-27,29.98,7072 Eaton Union Suite 890,Completed
513,25,2024-03-12,100.93999999999998,795 Todd Canyon Apt. 080,Pending
514,315,2024-06-20,62.96,621 Hobbs Lock Suite 907,Completed
515,601,2024-07-20,16.99,674 James Street,Pending
516,105,2024-03-05,78.94999999999999,03380 Albert Canyon Apt. 317,Cancelled
517,599,2024-05-09,89.93999999999998,0858 Andrews Turnpike,Pending
518,700,2024-07-17,72.94999999999999,94956 Parker Alley Apt. 134,Completed
519,444,2024-07-19,33.98,28268 Jordan Valley,Completed
520,675,2024-05-26,13.99,05450 Paige Viaduct Suite 404,Pending
521,593,2024-06-25,78.94999999999999,6644 Mary Road Apt. 180,Completed
522,417,2024-08-17,27.98,21339 Pope Ville,Completed
523,289,2024-07-18,60.96,679 Bradford Roads Suite 797,Pending
524,495,2024-03-15,99.94,23690 Roy Ways,Cancelled
525,551,2024-05-09,12.99,108 Myers Garden Suite 903,Pending
526,675,2024-06-26,31.98,00487 Brian Forks Suite 642,Pending
527,767,2024-04-26,25.98,53506 Bryant Unions,Pending
528,648,2024-06-15,120.93,97310 Michael Spring Suite 960,Pending
529,822,2024-01-13,115.92,22952 Patrick Landing,Cancelled
530,457,2024-02-28,48.97,6705 Pedro Extensions Suite 481,Pending
531,216,2024-08-07,14.99,4407 Blake Drive Suite 002,Cancelled
532,907,2024-06-07,68.95,8598 Flores Square,Pending
533,257,2024-04-26,149.91,8395 Sarah Parkway,Completed
534,551,2024-04-09,64.95,0319 Stanley Lakes,Completed
535,980,2024-02-28,34.98,78437 James Divide,Pending
536,970,2024-05-09,103.93,0839 Laurie Cape Apt. 151,Completed
537,170,2024-01-16,101.94,753 Kevin Run,Completed
538,182,2024-04-03,13.99,722 Hudson Corners,Completed
539,729,2024-07-22,99.93999999999998,391 James Causeway Apt. 509,Cancelled
540,84,2024-01-27,114.93,12418 Gutierrez Run Apt. 769,Completed
541,7,2024-03-27,111.93,699 Gavin Terrace,Pending
542,12,2024-08-11,25.98,1573 Lonnie Shoals,Pending
543,389,2024-04-20,88.94,767 Hess Spring,Completed
544,411,2024-03-02,118.92,20444 Sara Cove,Pending
545,960,2024-05-31,98.94,7150 Annette Branch Suite 509,Completed
546,500,2024-05-20,132.91,07379 Harper Summit Suite 634,Cancelled
547,173,2024-08-02,107.94,3417 Shannon Junctions Apt. 389,Completed
548,604,2024-04-27,18.99,2156 Scott Trail,Pending
549,633,2024-02-18,60.96,851 Anthony Run Suite 240,Completed
550,33,2024-05-07,143.91,73018 Anderson View,Completed
551,670,2024-04-22,89.94,589 Zachary Forest Suite 334,Cancelled
552,395,2024-01-18,113.93,942 Jones Village,Completed
553,27,2024-07-15,75.94999999999999,166 Jesse Manor,Cancelled
554,654,2024-06-13,105.93,7331 Bowen Parks,Cancelled
555,62,2024-01-21,99.94,7774 Mendoza Forks Apt. 299,Pending
556,400,2024-07-31,15.99,180 Andrade Isle,Completed
557,94,2024-01-09,60.96,7082 Rodriguez Fall Suite 351,Pending
558,145,2024-02-02,52.97,295 Nicholas Hollow Apt. 254,Pending
559,54,2024-08-04,110.93,47109 Silva Forest Apt. 077,Cancelled
560,100,2024-07-11,12.99,1345 Jennifer Divide Apt. 377,Pending
561,108,2024-07-19,42.97,1511 Palmer Plain Suite 333,Completed
562,290,2024-05-22,95.94,770 Ryan Falls Apt. 139,Completed
563,526,2024-03-28,76.94999999999999,455 Hill Stravenue Apt. 257,Cancelled
564,265,2024-01-31,120.93,001 Luna Valley,Completed
565,211,2024-02-21,12.99,7249 Alice Passage Suite 500,Cancelled
566,595,2024-03-23,71.96,7945 Noble Hill Suite 529,Pending
567,725,2024-02-09,43.97,518 Sandra Island Apt. 987,Pending
568,8,2024-07-30,31.98,209 Jamie Causeway,Pending
569,737,2024-08-03,127.92,143 Cisneros Rue,Cancelled
570,551,2024-06-25,31.98,490 Rodriguez Causeway Suite 613,Completed
571,774,2024-01-13,59.96,626 Edwin Viaduct,Cancelled
572,150,2024-04-24,150.91,177 Barnes Canyon Suite 840,Pending
573,611,2024-02-14,44.97,2804 Nicholas Gardens,Pending
574,821,2024-01-10,41.97,19127 Cristina Point Apt. 185,Completed
575,375,2024-05-22,91.94,56386 Larsen Drive,Cancelled
576,371,2024-04-08,42.97,0797 Thomas Drive Suite 351,Pending
577,931,2024-07-03,27.98,9680 Cabrera Knolls Apt. 283,Pending
578,250,2024-08-01,95.94,680 Jennifer Mountain Apt. 393,Completed
579,66,2024-06-22,70.95,6569 Mendoza Pines Suite 635,Cancelled
580,350,2024-02-26,73.95,9089 Daniel Estate Apt. 720,Completed
581,690,2024-08-25,41.97,6144 Jennifer Plaza,Cancelled
582,117,2024-06-24,25.98,944 Brian Junctions,Completed
583,578,2024-06-25,77.94,394 Norris Hollow,Pending
584,395,2024-08-09,18.99,9734 Rios Fords,Cancelled
585,892,2024-03-09,157.9,673 Mathew Glens,Pending
586,321,2024-04-08,80.94,3197 Orr Shores,Pending
587,584,2024-06-28,63.96,6615 Xavier Ridge,Pending
588,578,2024-08-14,16.99,741 Powers Landing,Completed
589,214,2024-02-08,57.96,3275 Kevin Inlet Apt. 275,Completed
590,248,2024-01-14,52.96,06557 Bill Pass,Completed
591,2,2024-03-11,146.91,447 Graves Fords,Completed
592,454,2024-06-06,80.95,706 Vincent Camp Suite 366,Completed
593,659,2024-05-31,32.98,27967 Caroline Street,Completed
594,172,2024-08-18,12.99,38638 Vazquez Common,Pending
595,598,2024-03-08,57.96,1659 Rhonda Crescent Apt. 622,Cancelled
596,504,2024-02-05,50.97,4097 Lynn Meadows,Cancelled
597,459,2024-04-09,123.93,610 Flores Park,Cancelled
598,446,2024-02-22,85.94999999999999,80733 Lance Hollow,Pending
599,147,2024-04-16,80.94,43361 William Views Apt. 644,Pending
600,633,2024-02-09,115.93,05000 Yesenia Highway,Pending
601,829,2024-03-18,142.91000000000005,84011 Cynthia Expressway,Pending
602,565,2024-01-16,83.94,4566 Davis Forge Suite 406,Cancelled
603,828,2024-04-23,56.97,838 Cheryl Heights,Completed
604,822,2024-01-05,44.97,20595 Mathew Place Apt. 999,Pending
605,341,2024-08-09,65.96,406 Parks Plains,Cancelled
606,469,2024-06-16,51.97,65476 Wilson River Apt. 053,Completed
607,273,2024-01-25,38.97,82198 Russell Mountains,Completed
608,972,2024-08-23,98.94,4834 Aaron Pines Suite 965,Pending
609,213,2024-05-06,130.92,90154 Allen Rapid,Pending
610,670,2024-01-02,16.99,506 Bruce Mews Suite 915,Completed
611,936,2024-06-10,115.92,35747 Diana Inlet,Cancelled
612,47,2024-06-25,14.99,445 April Wells,Completed
613,844,2024-04-12,85.94999999999999,78992 House Lakes Suite 018,Pending
614,928,2024-05-25,74.95,681 Lorraine Parkway,Pending
615,686,2024-05-19,56.97,350 Deanna Inlet,Pending
616,972,2024-06-01,14.99,5853 Michael Circle,Completed
617,592,2024-02-29,118.92,471 Veronica Parkway,Completed
618,429,2024-01-24,106.93,52680 Murray Mountains,Pending
619,129,2024-04-30,33.98,7402 Villa Manors Apt. 099,Pending
620,462,2024-05-17,18.99,89741 Sheena Port,Cancelled
621,21,2024-08-05,161.91,981 Mark Fort,Cancelled
622,824,2024-04-04,112.92,392 Robert Estate,Cancelled
623,753,2024-06-18,34.98,063 Mendez Loaf,Completed
624,416,2024-06-28,90.94,62414 Gregory Valleys,Pending
625,711,2024-07-06,96.93999999999998,0196 Hicks Hollow Suite 452,Cancelled
626,293,2024-06-10,12.99,977 Burke Crossroad Apt. 442,Cancelled
627,191,2024-02-05,39.97,781 Holly Ramp,Pending
628,170,2024-08-20,101.93999999999998,115 Kevin Tunnel,Cancelled
629,743,2024-05-28,27.98,085 Christina Mountains,Completed
630,925,2024-07-20,30.98,7564 Peterson Dam Suite 510,Completed
631,726,2024-06-17,65.96,08343 James Hollow Suite 556,Pending
632,557,2024-08-26,103.94,093 Edwards Inlet Apt. 982,Cancelled
633,262,2024-01-26,27.98,6761 Nunez Street Apt. 886,Cancelled
634,46,2024-01-12,133.92,6242 Levi Trail,Cancelled
635,647,2024-03-19,90.93999999999998,4132 Smith Underpass,Cancelled
636,881,2024-04-24,84.94,430 Christopher Valleys,Completed
637,15,2024-02-14,47.97,0383 Sullivan Ferry,Completed
638,43,2024-01-05,46.97,39507 Wallace Crest Apt. 429,Pending
639,668,2024-03-08,108.93,26640 Harrison Rest,Cancelled
640,769,2024-04-01,136.92,895 Sanchez Radial,Completed
641,673,2024-04-05,52.97,5852 Dawn Ranch,Completed
642,673,2024-02-15,95.94,29551 Zachary Camp Suite 945,Pending
643,832,2024-08-08,12.99,458 Hines Creek Suite 808,Completed
644,37,2024-06-10,99.94,9117 Michael Rest Apt. 437,Completed
645,572,2024-06-13,113.92,335 Watson Mission Suite 206,Completed
646,510,2024-08-01,120.93,55068 Charles Green Suite 645,Completed
647,601,2024-03-08,56.97,63200 Diaz Islands,Cancelled
648,436,2024-02-19,33.98,343 Brown Point Suite 706,Cancelled
649,417,2024-07-01,146.9,405 Cynthia Motorway,Cancelled
650,335,2024-04-12,101.94,450 Bright Way Suite 104,Pending
651,424,2024-01-19,114.93,007 Obrien Bypass,Pending
652,193,2024-06-17,61.96,7278 Barton Forks,Cancelled
653,847,2024-08-01,142.9,12807 Gomez Mill Suite 845,Cancelled
654,643,2024-05-10,56.97,566 Jacob Views,Cancelled
655,846,2024-04-24,29.98,059 Damon Ramp,Completed
656,332,2024-08-12,25.98,03187 Nicholas Rue,Pending
657,415,2024-02-08,123.92,77259 Roberts Point Apt. 263,Completed
658,310,2024-05-29,90.95,7084 Derek Plains,Pending
659,831,2024-01-10,62.96,098 Martin Hill Apt. 946,Cancelled
660,195,2024-08-16,175.89,311 Torres Station,Completed
661,805,2024-04-08,99.93,7416 Smith Mountains Suite 927,Completed
662,246,2024-06-12,105.93,745 King Way Apt. 942,Pending
663,31,2024-03-29,59.96,126 Wallace Drive,Pending
664,25,2024-02-21,44.97,561 Mendoza Knoll Apt. 899,Pending
665,697,2024-04-01,118.92,40840 Jill Union Apt. 798,Cancelled
666,45,2024-03-26,175.89,118 Jimenez Drive,Pending
667,506,2024-02-23,68.95,9174 Mark Extension Apt. 519,Pending
668,147,2024-07-11,97.94,3952 Simmons Walks Suite 543,Pending
669,55,2024-01-20,48.97,37604 Franklin Highway Apt. 880,Cancelled
670,827,2024-01-11,46.97,464 Mary Parks,Completed
671,377,2024-01-31,154.91,6076 Heidi Plain Apt. 136,Completed
672,241,2024-02-09,156.9,86679 Mcgee Fork,Completed
673,444,2024-04-04,26.98,8617 Matthew Tunnel,Pending
674,101,2024-01-20,60.96,1908 Black Corners,Completed
675,308,2024-05-05,30.98,520 Scott Stravenue,Completed
676,770,2024-06-10,47.97,18334 April Ridge,Pending
677,382,2024-07-22,124.92,129 Kevin Fort Apt. 902,Pending
678,844,2024-06-22,136.91,76792 Robinson Plains,Cancelled
679,168,2024-04-30,29.98,543 Cody Streets,Pending
680,446,2024-06-30,119.93,3074 Miller Flat,Cancelled
681,896,2024-01-10,29.98,27169 Kevin Prairie Suite 059,Cancelled
682,312,2024-08-13,71.95,49811 Sutton Mountain Suite 153,Pending
683,557,2024-07-04,56.97,59151 Skinner Trace,Cancelled
684,667,2024-02-27,47.97,915 Lang Stream,Pending
685,220,2024-05-01,44.97,6970 Jonathan Crossroad,Pending
686,665,2024-05-02,76.95,857 Pineda Unions Suite 657,Completed
687,679,2024-08-12,41.97,3581 Kelly Coves,Cancelled
688,277,2024-08-01,111.92999999999998,49603 Velasquez Plains,Completed
689,595,2024-07-17,124.92,64317 Lewis Forks Suite 570,Cancelled
690,904,2024-07-10,98.93,303 Todd Lake,Cancelled
691,396,2024-05-28,42.97,70412 Petersen Path,Pending
692,626,2024-03-06,86.94999999999999,70468 Christensen Points,Cancelled
693,372,2024-08-24,120.92,8578 Cynthia Ways Suite 806,Completed
694,277,2024-07-13,14.99,67507 Villa Lodge Suite 133,Completed
695,802,2024-07-24,44.97,841 Rodriguez Underpass,Cancelled
696,491,2024-05-10,47.97,28789 Medina Crossing,Cancelled
697,679,2024-04-14,112.93,75980 Harrington Drives Apt. 826,Cancelled
698,492,2024-04-11,29.98,608 Carpenter Corner Suite 864,Pending
699,705,2024-08-19,28.98,7934 Heidi Dale Apt. 345,Pending
700,335,2024-04-14,44.97,34038 Jordan Drives,Cancelled
701,635,2024-02-28,61.96,3453 Gallagher Forest,Pending
702,295,2024-06-13,88.94999999999999,087 Elizabeth Spur Apt. 118,Cancelled
703,175,2024-03-09,96.94,76005 Rose Parkways,Pending
704,939,2024-03-21,25.98,2532 Mills Greens,Completed
705,955,2024-03-27,102.93,421 Nicole Mission Apt. 390,Pending
706,497,2024-03-09,93.94,8425 Christopher Terrace Suite 776,Completed
707,352,2024-01-01,79.94999999999999,0979 Gonzalez Ridge Apt. 854,Pending
708,754,2024-05-04,139.91,258 Christopher Grove,Cancelled
709,550,2024-07-19,91.94,01505 Levine Underpass,Pending
710,108,2024-06-09,63.96,22727 Tina Ramp Apt. 451,Pending
711,888,2024-05-24,103.92,30031 Wright Ridges,Pending
712,590,2024-07-12,76.95,50949 Leah Ridges Apt. 086,Pending
713,88,2024-05-29,94.93999999999998,87578 Richard Squares Suite 360,Cancelled
714,445,2024-07-01,25.98,78443 Miller Gateway,Completed
715,567,2024-06-22,96.93,9060 Jerry Underpass Suite 122,Completed
716,156,2024-04-11,42.97,58266 Derek Ridges Apt. 238,Completed
717,580,2024-04-28,81.95,84814 Schaefer Extension,Completed
718,8,2024-02-26,46.97,0099 Foster Rapids,Cancelled
719,939,2024-05-12,115.93,8126 Figueroa Landing,Cancelled
720,901,2024-05-17,50.97,79385 William Junctions,Cancelled
721,305,2024-04-04,56.96,60220 Cook Brooks Suite 500,Cancelled
722,285,2024-06-10,52.96,866 Tamara Path Apt. 032,Completed
723,656,2024-05-29,92.94,532 Sandra Union,Pending
724,343,2024-05-16,38.97,5360 Alvarado Burgs Suite 890,Completed
725,639,2024-07-08,97.94,0102 Miranda Forks Apt. 733,Pending
726,189,2024-07-11,78.94,9591 Dixon Haven Suite 208,Completed
727,830,2024-06-12,71.94999999999999,4178 Corey Village,Cancelled
728,910,2024-02-14,60.96,510 Clark Via Suite 055,Pending
729,886,2024-02-09,14.99,20011 Brewer Manor,Cancelled
730,689,2024-01-23,71.95,24258 Jennifer Mountains Suite 601,Cancelled
731,777,2024-03-30,110.92999999999998,9440 Garrett View,Completed
732,846,2024-06-28,152.91,472 Clark Lane Apt. 959,Completed
733,826,2024-01-21,105.93,09943 Watkins Square,Completed
734,709,2024-04-17,102.93,8539 Kerr Wells Apt. 823,Completed
735,716,2024-05-19,79.94,76074 James Freeway Apt. 998,Pending
736,797,2024-06-02,72.96,039 Knight Extension Apt. 914,Cancelled
737,208,2024-03-04,16.99,4740 Brown Dale,Cancelled
738,916,2024-04-02,50.97,52660 Robinson Island Apt. 227,Completed
739,806,2024-07-09,66.96,261 Evans Corners Suite 003,Pending
740,775,2024-03-01,46.97,405 Tyler Run,Pending
741,786,2024-07-17,84.94,926 Arnold Village,Cancelled
742,504,2024-06-04,119.92,956 Wolf Shoals,Completed
743,647,2024-06-29,130.92,207 Nicole Meadows Apt. 882,Pending
744,861,2024-07-23,28.98,420 Martinez Stream Apt. 206,Cancelled
745,785,2024-02-10,57.96,26121 Jacobs Village Apt. 020,Completed
746,569,2024-03-07,114.93,12301 Kevin Court Suite 928,Cancelled
747,978,2024-06-13,148.91,9743 Elizabeth Pike,Completed
748,384,2024-04-04,41.97,8792 Wendy Island Suite 047,Pending
749,974,2024-04-26,64.96,93467 Ronald Run,Pending
750,550,2024-07-15,78.94999999999999,19567 Robin Inlet Suite 555,Completed
751,968,2024-08-23,46.97,66008 Lance Throughway Suite 551,Pending
752,949,2024-06-12,27.98,7109 Jonathan Keys Suite 418,Pending
753,307,2024-01-18,168.9,525 Jonathan Corners Apt. 446,Pending
754,337,2024-08-18,84.94,4482 Thomas Center,Pending
755,313,2024-02-17,50.97,090 Michaela Mews Suite 572,Pending
756,45,2024-05-13,95.94,42161 Katie Extensions,Completed
757,607,2024-01-15,34.98,25596 Gregory Islands,Cancelled
758,201,2024-05-02,64.95,7848 Lewis Lakes,Cancelled
759,318,2024-08-04,122.92,6494 Daniel Spring Suite 243,Cancelled
760,563,2024-01-24,48.97,34430 Michael Rue,Cancelled
761,966,2024-07-28,122.91,531 Richard Corners,Cancelled
762,136,2024-04-12,72.96,27212 Banks Valleys Suite 719,Pending
763,249,2024-05-26,14.99,055 Jesus Mountain Apt. 622,Completed
764,89,2024-03-08,89.94,4906 Chelsea Flats Apt. 779,Completed
765,386,2024-01-22,63.96,46236 Rogers Lodge,Pending
766,817,2024-03-16,72.95,097 Kevin Trace,Completed
767,146,2024-07-16,79.94999999999999,94502 Smith Ports Suite 543,Cancelled
768,539,2024-07-23,46.97,8516 Gardner Stravenue Suite 800,Completed
769,106,2024-08-13,123.92,4348 Smith Grove Suite 386,Pending
770,663,2024-05-19,68.95,22078 April Key,Cancelled
771,682,2024-01-22,112.93,28070 Ashley Coves,Cancelled
772,645,2024-03-21,116.93,37655 Thompson Glens,Pending
773,893,2024-06-04,47.97,00920 Louis Groves,Pending
774,936,2024-01-30,29.98,79432 James Streets Apt. 421,Pending
775,89,2024-07-09,142.91,1140 Angelica Mountain,Completed
776,236,2024-07-22,83.94,80721 Cabrera Spring Apt. 377,Completed
777,533,2024-07-12,96.93,796 Haley Parks,Cancelled
778,793,2024-08-25,25.98,0103 Brian Stravenue Suite 976,Cancelled
779,638,2024-02-14,63.96,84584 Pennington Tunnel,Cancelled
780,41,2024-03-26,113.92,27835 Weber Ville Apt. 992,Pending
781,761,2024-02-24,59.96,9112 Jones Shoal Apt. 849,Completed
782,27,2024-07-01,31.98,938 Weber Well,Pending
783,726,2024-02-20,73.95,16499 Jason Park,Cancelled
784,589,2024-03-20,15.99,1032 Andrea Rue,Cancelled
785,323,2024-03-14,85.94,2939 Strickland Lakes,Completed
786,533,2024-01-29,118.92,500 Justin Trail Suite 819,Pending
787,30,2024-03-30,95.93999999999998,3669 Scott Village Suite 937,Pending
788,466,2024-04-04,25.98,253 Conley Island Apt. 288,Completed
789,531,2024-03-17,115.92,2976 Shannon Corner,Completed
790,339,2024-03-15,118.92,9370 Davis Cliffs,Completed
791,316,2024-01-06,28.98,88665 Elizabeth Manor,Cancelled
792,16,2024-06-13,128.92999999999998,798 Debra Way Suite 124,Pending
793,534,2024-01-05,125.92,07894 Samantha Prairie,Pending
794,725,2024-06-23,14.99,08226 Justin Isle Apt. 774,Cancelled
795,785,2024-06-16,75.96,4787 Amy Station Suite 131,Pending
796,268,2024-06-27,102.93999999999998,15646 David Lights,Completed
797,735,2024-06-11,83.93999999999998,642 Bailey Lodge,Completed
798,936,2024-05-24,55.96,8545 Jane Mountains,Completed
799,824,2024-07-24,54.96,06330 Salazar Extensions,Pending
800,796,2024-08-21,101.94,62341 Gilbert Fork,Pending
801,2,2024-04-14,116.93,50959 Samantha Road,Pending
802,359,2024-08-26,105.94,24133 Brown Junctions Apt. 993,Completed
803,590,2024-01-07,85.94,821 Steven Port,Pending
804,152,2024-08-21,106.93,695 Brandon Hill Suite 694,Completed
805,777,2024-05-10,158.89999999999998,392 Adam Inlet Suite 469,Completed
806,689,2024-01-09,44.97,7549 Kaylee Mews Apt. 330,Pending
807,376,2024-01-16,94.94,0127 Alicia Mountain Suite 482,Completed
808,144,2024-04-05,105.93999999999998,2163 Jacqueline Mall Apt. 848,Cancelled
809,876,2024-02-03,116.93,66860 Desiree Rest,Completed
810,805,2024-01-21,51.96,50596 Fry Lodge,Completed
811,149,2024-03-09,56.97,18294 Ross Expressway Suite 117,Cancelled
812,640,2024-06-02,107.94,1032 Griffin Cove,Cancelled
813,602,2024-04-18,84.94,9935 Watson Ranch,Cancelled
814,344,2024-08-24,18.99,926 Clark Mission,Completed
815,149,2024-08-01,49.97,401 Woods Mill,Pending
816,394,2024-03-31,104.93,22288 Krystal Landing Apt. 199,Pending
817,25,2024-07-19,137.92,271 Chen Points Apt. 670,Pending
818,827,2024-07-25,77.94,10591 Lee Key Apt. 783,Cancelled
819,934,2024-05-06,118.93,1130 Johnson Vista,Cancelled
820,547,2024-06-27,68.95,123 Khan Drives,Pending
821,216,2024-01-04,85.94,1643 Jessica Village,Completed
822,702,2024-02-09,150.91,54677 William Harbor,Pending
823,689,2024-06-06,63.96,9969 Lisa Vista,Pending
824,351,2024-05-14,52.97,1597 Johnson Island Apt. 085,Pending
825,632,2024-05-04,85.94,99934 Turner Route Suite 491,Cancelled
826,694,2024-08-27,75.96,16750 Phillip Prairie,Pending
827,295,2024-02-26,12.99,5719 Denise Radial Apt. 493,Completed
828,619,2024-03-04,134.92,55948 English Street,Completed
829,132,2024-06-06,27.98,980 Albert Key,Pending
830,875,2024-05-13,156.89999999999998,0448 Lamb Row,Cancelled
831,630,2024-08-08,18.99,0923 Bowman Prairie,Pending
832,529,2024-05-10,50.97,010 Coffey Track,Cancelled
833,540,2024-06-22,124.92,193 Russell Mission Apt. 366,Pending
834,114,2024-03-21,52.97,1181 Richard Common Suite 675,Cancelled
835,595,2024-02-16,58.96,212 Sanchez Landing Suite 134,Completed
836,441,2024-07-17,41.97,7048 Rojas Falls Apt. 579,Pending
837,830,2024-01-23,32.98,551 Jones Track Suite 058,Cancelled
838,34,2024-02-04,114.93,453 Phelps Springs Apt. 124,Pending
839,670,2024-01-03,56.97,437 Nichols Wall Apt. 674,Completed
840,387,2024-01-20,121.92,501 Michael Roads,Completed
841,445,2024-07-28,123.92,069 Pacheco Well,Pending
842,938,2024-06-16,134.91,2269 April Neck,Pending
843,34,2024-03-22,68.95,22768 Thomas Stravenue,Cancelled
844,91,2024-07-10,63.96,4230 Fuentes Stravenue Suite 893,Pending
845,976,2024-07-04,29.98,94044 Christensen Corner Suite 565,Pending
846,144,2024-06-29,70.95,398 Curtis Junctions Apt. 214,Pending
847,151,2024-03-24,139.92,43321 Cunningham Shore Suite 166,Pending
848,872,2024-01-12,58.96,28250 Jordan Cliffs Suite 658,Completed
849,460,2024-08-08,37.98,035 Acosta Gardens,Cancelled
850,756,2024-06-11,89.94,687 Sarah Divide Apt. 670,Cancelled
851,523,2024-02-18,42.97,59766 Hall Pass Apt. 510,Cancelled
852,803,2024-03-15,165.89999999999998,30348 Hudson Burgs,Cancelled
853,280,2024-04-04,61.96,231 Rogers Branch,Completed
854,329,2024-07-17,72.96,1370 Brandy Skyway,Pending
855,954,2024-08-06,174.89999999999998,75967 Corey Views Apt. 996,Completed
856,767,2024-01-13,73.94999999999999,06405 Jodi Summit Apt. 802,Completed
857,748,2024-08-22,90.94,93354 Nguyen Landing,Pending
858,293,2024-03-15,12.99,915 Kenneth Knoll Apt. 577,Pending
859,691,2024-01-17,131.92,93751 Stephanie Shores,Cancelled
860,706,2024-05-29,47.97,363 Harrison Cliffs,Completed
861,9,2024-05-05,93.94,5838 Coleman Common Apt. 627,Pending
862,585,2024-08-05,38.97,664 Miller Island,Pending
863,761,2024-06-28,45.97,72994 Pierce Trace,Cancelled
864,140,2024-03-14,112.93,89885 Castillo Walk,Cancelled
865,169,2024-04-25,122.92,605 Smith Square,Pending
866,546,2024-07-04,74.95,8712 Smith Walk Apt. 318,Completed
867,677,2024-06-13,18.99,8488 Tiffany Bridge,Completed
868,67,2024-01-08,89.94999999999999,6608 Martin Plains Apt. 902,Cancelled
869,314,2024-04-19,66.96,65558 Joseph Flats,Completed
870,548,2024-04-29,31.98,56466 David Prairie,Cancelled
871,299,2024-01-31,38.97,2779 Kenneth Trafficway Suite 329,Pending
872,543,2024-05-01,12.99,91141 Rose Rest Apt. 093,Cancelled
873,238,2024-03-17,98.94,2915 Nicholson Island Suite 083,Completed
874,204,2024-07-08,93.94,6721 Tyler Common,Pending
875,887,2024-07-07,76.95,366 Sexton Shoals Apt. 991,Pending
876,397,2024-05-04,12.99,005 Vicki Radial Suite 453,Completed
877,221,2024-08-08,67.96,1801 Brittany Streets Suite 760,Completed
878,286,2024-07-31,63.96,279 Hunter Ridges Apt. 040,Completed
879,967,2024-01-07,138.91,96877 Wilson Glen Apt. 985,Pending
880,826,2024-01-26,165.9,21881 Brown Estates,Cancelled
881,482,2024-05-14,31.98,988 Christian Forge Apt. 095,Cancelled
882,562,2024-07-09,75.96,5041 Miles Junction Apt. 285,Cancelled
883,84,2024-07-24,104.93,566 Ingram Trafficway Apt. 734,Cancelled
884,632,2024-05-17,50.97,7542 Michael Courts,Completed
885,670,2024-01-27,88.95,7192 Contreras Plains,Completed
886,424,2024-02-22,152.89999999999998,0155 Weaver Brooks,Pending
887,832,2024-06-26,50.97,995 Farmer Row,Pending
888,972,2024-07-30,56.97,9573 Glass Parks,Completed
889,661,2024-02-20,74.95,6355 Lisa Mount,Pending
890,35,2024-03-19,131.92000000000002,256 Brown Forges Apt. 952,Cancelled
891,564,2024-07-23,27.98,284 Jordan Greens Suite 594,Cancelled
892,36,2024-07-30,47.97,46368 Becky Crescent Suite 563,Completed
893,388,2024-07-02,47.97,24853 James Village Apt. 036,Cancelled
894,860,2024-06-14,91.94,856 David Points Suite 608,Completed
895,233,2024-04-23,91.93,173 Anderson Trace,Cancelled
896,164,2024-06-16,41.97,1260 Allen Flats Apt. 385,Pending
897,488,2024-05-13,78.95,06208 Tyler Ville,Pending
898,493,2024-07-07,125.92,5420 Baker Harbor,Pending
899,370,2024-04-24,132.92000000000002,636 Daniel Meadow Apt. 813,Completed
900,458,2024-04-05,76.94999999999999,6826 Heidi Grove Suite 867,Cancelled
901,334,2024-03-11,15.99,21102 Jacobs Burg Apt. 421,Pending
902,52,2024-03-16,74.95,22874 Amber Neck,Pending
903,53,2024-03-04,16.99,944 Morales Village Apt. 911,Pending
904,48,2024-03-01,132.92,28212 Wallace Crescent,Pending
905,488,2024-02-09,41.97,61308 Ramos Mall Suite 532,Completed
906,970,2024-03-16,86.94,48978 Spencer Bridge,Completed
907,124,2024-04-01,44.97,8927 Carpenter Ports,Cancelled
908,818,2024-02-08,77.95,4600 Barnes Street Apt. 195,Cancelled
909,801,2024-04-05,41.97,9915 Garcia Groves,Pending
910,700,2024-05-31,117.93,8376 Richardson Vista,Completed
911,935,2024-03-24,75.96,71637 Katie Bridge Apt. 318,Pending
912,742,2024-04-12,128.92000000000002,4197 Jacobs Freeway Suite 511,Pending
913,841,2024-06-27,54.96,029 Woods Square,Completed
914,359,2024-08-20,81.94,0768 Briggs Mission Apt. 876,Cancelled
915,930,2024-02-06,38.97,225 Wagner Port Apt. 341,Completed
916,45,2024-07-11,32.98,1184 Karen Throughway,Cancelled
917,628,2024-07-02,37.98,2355 Patricia Fork Apt. 879,Cancelled
918,40,2024-08-02,65.96,268 Ward Meadow,Pending
919,404,2024-02-11,95.94,78013 Simpson Circle,Pending
920,533,2024-07-05,25.98,2875 Jessica Valleys Suite 598,Pending
921,413,2024-07-31,130.91,51762 Jones Walks Apt. 994,Cancelled
922,789,2024-04-17,13.99,40552 Daniels Orchard Suite 144,Pending
923,429,2024-02-15,47.97,706 Baldwin Crossing Suite 657,Completed
924,384,2024-06-17,117.93,93024 Cherry Drive Apt. 880,Pending
925,582,2024-04-30,71.96,35233 Amanda Plain Suite 833,Completed
926,451,2024-08-12,145.91,289 Rebecca Mews Apt. 878,Pending
927,388,2024-03-18,29.98,4773 Brooke Cliffs Suite 160,Pending
928,910,2024-05-02,44.97,37430 Williamson Prairie Apt. 747,Pending
929,637,2024-03-20,16.99,904 Raymond Stravenue,Completed
930,738,2024-01-14,148.91,5591 Reed Crescent,Cancelled
931,510,2024-03-31,33.98,140 Nguyen Ways,Completed
932,490,2024-04-22,31.98,54949 Jermaine Turnpike,Completed
933,265,2024-02-03,127.92,22703 James Rue Apt. 532,Pending
934,956,2024-03-01,61.96,26717 Jack Squares,Cancelled
935,175,2024-06-22,66.96,061 Gibbs Center,Pending
936,892,2024-01-23,143.9,7965 Jill Landing Apt. 114,Pending
937,707,2024-06-10,27.98,26214 Weiss Lodge,Pending
938,99,2024-02-22,100.94,04773 Bryant Forest,Pending
939,28,2024-03-30,33.98,3645 Wallace Dam,Pending
940,223,2024-06-19,29.98,141 Veronica Roads Suite 858,Cancelled
941,1000,2024-03-12,77.94999999999999,4930 Brenda Way,Completed
942,334,2024-04-23,52.97,116 Brown Burgs Apt. 719,Cancelled
943,137,2024-03-08,27.98,59951 Jordan Gateway Suite 365,Completed
944,699,2024-07-18,125.91,5172 Hernandez Passage,Completed
945,576,2024-05-05,140.91,46352 Bauer Gardens Suite 516,Cancelled
946,444,2024-07-29,121.92,6831 Miller Cape Suite 589,Pending
947,363,2024-05-23,70.95,726 Johnson Pike,Completed
948,397,2024-04-04,18.99,607 Laura Gardens,Pending
949,916,2024-01-27,155.9,89096 Justin Court,Completed
950,670,2024-01-07,102.93,18068 Drew Lodge Suite 532,Completed
951,534,2024-04-12,111.92,8450 Lucas Shore Apt. 248,Cancelled
952,683,2024-08-27,41.97,482 Kelly Road Suite 132,Completed
953,240,2024-07-21,42.97,8520 Poole Glens Apt. 929,Cancelled
954,404,2024-03-18,134.91,161 Rachel Station,Completed
955,853,2024-04-18,104.93,1449 Thomas Point Apt. 366,Cancelled
956,431,2024-07-06,78.95,84636 Jacob Forges Apt. 083,Pending
957,477,2024-04-15,58.96,77711 Dyer Freeway Apt. 703,Completed
958,66,2024-04-01,65.96,424 Heather Spring,Pending
959,90,2024-07-07,140.91,365 Swanson Fall Suite 915,Pending
960,683,2024-08-04,138.91,05312 Garner Court Suite 945,Completed
961,291,2024-07-02,112.92999999999998,93011 Eric Turnpike Suite 046,Completed
962,497,2024-03-12,109.93999999999998,9595 Angela Curve Apt. 510,Pending
963,581,2024-01-15,47.97,338 Howard Island,Completed
964,892,2024-08-09,93.94,72108 Pearson Ford,Pending
965,36,2024-03-06,114.93,3212 Jimenez Pass Apt. 727,Pending
966,579,2024-06-20,12.99,0526 Kirsten Gardens Suite 550,Completed
967,797,2024-02-11,87.93999999999998,55488 Yu Place Apt. 684,Completed
968,765,2024-01-06,197.88,3819 James Terrace Suite 393,Cancelled
969,110,2024-01-27,139.91,6003 Brandon Mills Suite 298,Cancelled
970,411,2024-01-16,114.92999999999998,602 Shirley Avenue Apt. 747,Completed
971,111,2024-08-13,77.95,959 Michele Harbor,Pending
972,832,2024-05-08,44.97,562 Ross Brooks,Completed
973,180,2024-07-28,16.99,51846 Fitzgerald Extensions Suite 927,Cancelled
974,105,2024-01-27,72.96,78213 Emma Circles,Cancelled
975,374,2024-08-22,72.95,11424 Hood Plaza,Completed
976,988,2024-08-14,73.96,0690 Kayla Court Apt. 202,Pending
977,706,2024-04-13,105.93,0429 Mcguire Ridge,Pending
978,597,2024-01-28,102.94,382 Curtis Gateway,Completed
979,612,2024-05-08,16.99,27901 Nolan Mountains,Pending
980,247,2024-02-05,57.96,179 Hunt Forks,Completed
981,694,2024-06-19,63.96,816 Zavala Pass Apt. 549,Cancelled
982,777,2024-05-05,61.96,6373 Carter Lake Apt. 667,Completed
983,529,2024-04-30,58.96,6372 Rowland Flats,Pending
984,393,2024-06-19,13.99,712 Bates Square,Pending
985,917,2024-08-24,52.97,45762 Harrison Heights,Pending
986,779,2024-05-02,41.97,813 Ryan Pike,Cancelled
987,476,2024-06-27,86.95,456 Sonya Route,Pending
988,408,2024-01-12,144.91,530 Durham Valley Apt. 402,Completed
989,911,2024-03-12,94.93999999999998,1776 Dillon Road Apt. 935,Cancelled
990,689,2024-02-22,33.98,2898 Robert Ramp,Completed
991,283,2024-05-06,18.99,657 Michael Road,Cancelled
992,754,2024-04-05,84.95,2999 Rush Highway Suite 261,Pending
993,382,2024-01-09,65.96,5385 Rivera Lane Apt. 300,Completed
994,820,2024-01-10,140.91,99460 Knight Unions Suite 774,Cancelled
995,849,2024-08-25,44.97,471 Keith Overpass,Completed
996,135,2024-01-01,41.97,367 Lee Islands,Pending
997,190,2024-07-14,31.98,711 Barbara Tunnel,Pending
998,402,2024-01-12,60.96,4406 Irwin Parkway Suite 870,Completed
999,865,2024-05-10,31.98,238 Wells Estates,Pending
1000,938,2024-01-25,130.92000000000002,27613 Kenneth Drive Apt. 678,Pending
